,City,Country,Latitude,Longitude,Temperature,Humidity,Wind Speed,Cloudiness %
0,Mar del Plata,AR,-38.0023,-57.5575,63.16,77,12.66,75
1,Tuktoyaktuk,CA,69.4541,-133.0374,-23.8,76,2.35,75
2,Verkh-Usugli,RU,52.7,115.1667,-23.51,82,3.31,74
3,Hilo,US,19.7297,-155.09,73.58,61,10.36,20
4,Klaksvík,FO,62.2266,-6.589,21.2,93,2.3,96
5,Christchurch,NZ,-43.5333,172.6333,71.19,49,10.36,96
6,Batagay-Alyta,RU,67.8006,130.4114,-38.16,80,2.04,100
7,Deputatsky,RU,69.3,139.9,-25.65,88,2.13,100
8,Puerto Ayora,EC,-0.7393,-90.3518,79.0,89,5.01,53
9,Bredasdorp,ZA,-34.5322,20.0403,62.01,81,1.01,99
10,Vao,NC,-22.6667,167.4833,75.9,76,24.34,100
11,Cap Malheureux,MU,-19.9842,57.6142,79.0,78,7.0,9
12,Eenhana,NA,-17.4667,16.3333,73.4,78,3.44,100
13,Ribeira Grande,PT,38.5167,-28.7,63.21,84,30.0,92
14,Lander,US,42.833,-108.7307,32.61,35,4.61,1
15,Rikitea,PF,-23.1203,-134.9692,79.54,61,6.33,35
16,Kirakira,SB,-10.4544,161.9205,85.32,72,22.68,50
17,Barrow,US,71.2906,-156.7887,-13.0,70,11.5,90
18,George Town,MY,5.4112,100.3354,78.42,73,3.44,20
19,Punta Arenas,CL,-53.15,-70.9167,53.29,62,31.07,0
20,Ponta do Sol,PT,32.6667,-17.1,54.9,72,1.99,0
21,Jamestown,US,42.097,-79.2353,27.52,74,13.8,90
22,Key Largo,US,25.0865,-80.4473,71.33,89,10.16,100
23,Östersund,SE,63.1792,14.6357,13.19,92,0.54,90
24,Mayumba,GA,-3.432,10.6554,77.86,84,2.84,100
25,Karanpura,IN,29.1018,75.092,53.76,39,5.68,0
26,Kendari,ID,-3.945,122.4989,82.58,76,2.24,100
27,Albany,US,42.6001,-73.9662,14.92,53,1.88,100
28,Marawi,PH,7.9986,124.2928,75.99,88,5.99,100
29,Hithadhoo,MV,-0.6,73.0833,82.09,79,11.23,63
30,Aklavik,CA,68.2191,-135.0107,-21.15,76,5.75,100
31,Haines Junction,CA,60.7522,-137.5108,3.2,72,5.75,100
32,Kaeo,NZ,-35.1,173.7833,72.99,47,9.04,0
33,Upernavik,GL,72.7868,-56.1549,2.62,92,6.6,100
34,Gwanda,ZW,-20.9333,29.0,70.93,84,2.95,100
35,Butaritari,KI,3.0707,172.7902,80.98,82,14.23,56
36,Bethel,US,41.3712,-73.414,21.04,53,4.61,90
37,La Asuncion,VE,11.0333,-63.8628,76.93,84,17.4,99
38,Saint-Philippe,RE,-21.3585,55.7679,73.71,69,11.5,20
39,Busselton,AU,-33.65,115.3333,71.91,61,5.99,0
40,Broome,US,42.2506,-75.833,22.08,86,9.22,90
41,Alofi,NU,-19.0595,-169.9187,81.23,75,17.43,68
42,Poum,NC,-20.2333,164.0167,80.85,72,16.35,100
43,Fredericksburg,US,38.3032,-77.4605,31.37,100,5.75,90
44,Airai,TL,-8.9266,125.4092,62.74,100,4.47,100
45,Castro,BR,-24.7911,-50.0119,64.76,95,2.91,100
46,Lorengau,PG,-2.0226,147.2712,83.26,82,10.71,100
47,Nizwá,OM,22.9333,57.5333,55.08,65,1.39,0
48,Hailun,CN,47.45,126.9333,-6.93,90,17.18,100
49,Pangnirtung,CA,66.1451,-65.7125,-4.72,87,4.32,100
50,Faya,SA,18.3851,42.4509,51.8,46,4.61,0
51,Coyhaique,CL,-45.5752,-72.0662,69.8,40,6.91,0
52,Nikolskoye,RU,59.7035,30.7861,24.55,93,8.95,75
53,Saskylakh,RU,71.9167,114.0833,-31.31,83,7.45,61
54,Torbay,CA,47.6666,-52.7314,29.37,93,16.11,75
55,Avarua,CK,-21.2078,-159.775,82.4,74,1.03,20
56,Cape Town,ZA,-33.9258,18.4232,63.21,77,20.71,20
57,Ushuaia,AR,-54.8,-68.3,53.6,66,6.91,75
58,San Policarpo,PH,12.1791,125.5072,79.74,83,15.77,95
59,Hermanus,ZA,-34.4187,19.2345,62.01,78,1.01,100
60,Châlons-en-Champagne,FR,48.9539,4.3672,46.81,93,10.36,90
61,Pevek,RU,69.7008,170.3133,-25.37,85,3.15,0
62,San Cristobal,VE,7.7669,-72.225,67.17,71,1.36,100
63,Baturaja,ID,-4.1333,104.1667,76.8,82,4.9,100
64,New Norfolk,AU,-42.7826,147.0587,72.34,47,3.0,100
65,Leh,IN,34.1667,77.5833,7.48,68,1.9,100
66,Beringovskiy,RU,63.05,179.3167,14.07,96,31.23,100
67,Taku,CN,39.0211,117.6469,35.6,27,20.13,0
68,Faanui,PF,-16.4833,-151.75,82.02,70,9.17,6
69,Kidal,ML,18.4411,1.4078,63.07,22,9.04,0
70,Tasiilaq,GL,65.6145,-37.6368,15.8,53,4.72,75
71,At-Bashi,KG,41.1702,75.8106,16.45,74,3.56,100
72,Kamenskiy,RU,50.8855,45.488,19.83,96,8.19,100
73,Hambantota,LK,6.1241,81.1185,71.6,100,2.3,0
74,Dauphin,CA,51.1494,-100.0502,19.4,86,5.75,90
75,Coquimbo,CL,-29.9533,-71.3436,64.4,94,5.75,90
76,Los Llanos de Aridane,ES,28.6585,-17.9182,62.6,77,9.22,0
77,Kapaa,US,22.0752,-159.319,76.69,65,13.8,40
78,Santa Fe,AR,-31.6333,-60.7,67.32,93,4.0,85
79,Hay River,CA,60.8156,-115.7999,-5.8,77,6.91,100
80,Constitución,CL,-35.3333,-72.4167,57.51,89,9.64,0
81,Sultānpur,IN,26.2667,82.0667,45.61,57,2.39,0
82,Coahuayana Viejo,MX,18.7333,-103.6833,73.4,83,2.77,1
83,São Filipe,CV,14.8961,-24.4956,73.58,67,5.06,0
84,Ucluelet,CA,48.9329,-125.5528,42.28,100,5.75,90
85,Khatanga,RU,71.9667,102.5,-38.56,80,8.19,1
86,Vaini,TO,-21.2,-175.2,80.6,89,11.5,90
87,Longyearbyen,SJ,78.2186,15.6401,5.0,36,12.66,0
88,Souillac,MU,-20.5167,57.5167,80.6,74,13.8,40
89,Kiunga,PG,-6.1219,141.2906,75.4,95,2.3,100
90,Lyndon,US,38.2567,-85.6016,35.01,87,11.5,90
91,Atar,MR,20.5169,-13.0499,68.9,24,8.12,100
92,Mahébourg,MU,-20.4081,57.7,80.6,74,13.8,40
93,Saint-Joseph,RE,-21.3667,55.6167,73.85,69,11.5,20
94,Cherskiy,RU,68.75,161.3,-13.34,83,6.44,100
95,Kenai,US,60.5544,-151.2583,14.72,73,3.44,1
96,Salalah,OM,17.0151,54.0924,66.2,72,3.44,0
97,East London,ZA,-33.0153,27.9116,73.27,69,18.39,0
98,San Patricio,US,28.017,-97.5169,67.71,26,10.36,20
99,Soe,ID,-9.8607,124.284,74.52,82,10.31,100
100,Honningsvåg,NO,70.9821,25.9704,30.58,95,16.44,100
101,Atuona,PF,-9.8,-139.0333,78.91,75,17.4,17
102,Tabou,CI,4.423,-7.3528,77.92,89,5.5,14
103,Hasaki,JP,35.7333,140.8333,38.44,70,4.61,75
104,Chokurdakh,RU,70.6333,147.9167,-19.55,87,12.62,100
105,Hualmay,PE,-11.0964,-77.6139,70.97,78,11.1,96
106,Carnarvon,AU,-24.8667,113.6333,91.4,27,12.66,42
107,Touros,BR,-5.1989,-35.4608,78.8,78,6.91,20
108,Harrison,US,30.4091,-89.0436,56.88,62,18.41,20
109,Saurimo,AO,-9.6608,20.3916,66.13,91,4.12,100
110,Mujiayingzi,CN,42.1167,118.7833,1.33,83,10.13,0
111,Boyolangu,ID,-8.1181,111.8935,79.99,79,5.37,99
112,Tautira,PF,-17.7333,-149.15,86.0,66,10.36,40
113,Tottori-shi,JP,35.5,134.2333,48.2,53,13.8,75
114,Fairbanks,US,64.8378,-147.7164,-3.35,77,0.56,90
115,Maceió,BR,-9.6658,-35.7353,75.2,94,4.61,20
116,Mount Gambier,AU,-37.8333,140.7667,62.6,72,14.97,100
117,Meulaboh,ID,4.1363,96.1285,76.23,83,4.9,77
118,Hobart,AU,-42.8794,147.3294,74.26,53,8.05,75
119,Lamar,US,33.6668,-95.5836,46.49,57,11.5,1
120,Bengkulu,ID,-3.8004,102.2655,78.35,76,3.69,100
121,Laguna,US,38.421,-121.4238,62.6,42,4.12,1
122,Novikovo,RU,51.1537,37.8879,23.43,96,5.84,100
123,Pahrump,US,36.2083,-115.9839,53.01,44,1.01,100
124,Puno,PE,-15.8333,-70.0333,45.93,83,11.86,100
125,Qurayyat,SA,31.3318,37.3428,44.6,76,3.62,0
126,Walvis Bay,NA,-22.9575,14.5053,66.56,77,4.61,95
127,Altagracia de Orituco,VE,9.8601,-66.3814,72.91,84,6.13,78
128,Waddān,LY,29.1614,16.139,59.9,34,12.24,98
129,Kumul,CN,42.8,93.45,24.31,77,6.71,0
130,Eureka,US,40.8021,-124.1637,55.49,88,10.36,90
131,Pundaguitan,PH,6.3711,126.1689,81.0,79,14.72,100
132,Guatire,VE,10.4762,-66.5427,71.62,94,2.42,75
133,Sinnamary,GF,5.3833,-52.95,77.45,81,14.52,84
134,Iqaluit,CA,63.7506,-68.5145,6.39,72,12.66,90
135,Shingū,JP,33.7333,135.9833,50.0,62,5.75,75
136,Saint-Augustin,CA,51.226,-58.6502,12.61,91,12.41,0
137,Mwingi,KE,-0.9344,38.0601,62.04,69,3.06,97
138,Yulara,AU,-25.2406,130.9889,87.8,23,18.41,69
139,Sault Ste. Marie,CA,46.5168,-84.3333,18.03,53,3.44,1
140,La Ciotat,FR,43.1748,5.6045,50.56,91,19.33,45
141,Camacha,PT,33.0833,-16.3333,59.0,94,8.05,20
142,Olinda,BR,-8.0089,-34.8553,78.8,73,6.91,40
143,Clyde River,CA,70.4692,-68.5914,-4.0,84,16.11,90
144,Bluff,NZ,-46.6,168.3333,61.2,67,11.48,57
145,Santa Marta,CO,11.2408,-74.199,82.99,70,17.0,86
146,Gravdal,NO,68.1214,13.5031,31.51,93,17.92,100
147,Chui,UY,-33.6971,-53.4616,69.17,92,13.24,100
148,Sola,VU,-13.8833,167.55,84.2,84,4.9,75
149,Alakurtti,RU,66.9672,30.3491,3.99,88,1.99,100
150,Thompson,CA,55.7435,-97.8558,8.6,92,2.24,75
151,Sidi Ali,DZ,36.0998,0.4206,56.61,90,27.67,100
152,Luwuk,ID,-0.9516,122.7875,85.1,60,0.85,100
153,Bambous Virieux,MU,-20.3428,57.7575,79.84,74,13.8,40
154,Moroni,KM,-11.7022,43.2551,80.62,72,3.83,100
155,Codrington,AU,-38.2667,141.9667,63.46,67,11.05,100
156,Neuquén,AR,-38.9516,-68.0591,64.4,68,6.91,0
157,Tiznit Province,MA,29.5833,-9.5,61.29,57,1.1,0
158,Geraldton,AU,-28.7667,114.6,93.2,26,27.63,0
159,Sabha,LY,27.0377,14.4283,56.66,33,11.65,93
160,Pisco,PE,-13.7,-76.2167,69.89,73,18.41,75
161,Saint-Pierre,RE,-21.3393,55.4781,76.35,69,11.5,20
162,Sambava,MG,-14.2667,50.1667,76.24,82,8.03,100
163,Taitung City,TW,22.7583,121.1444,68.0,56,6.91,20
164,Anadyr,RU,64.75,177.4833,8.26,85,55.92,90
165,Chapais,CA,49.7834,-74.8492,-7.6,84,3.44,1
166,Vestmanna,FO,62.1564,-7.1664,21.2,93,2.3,87
167,Cidreira,BR,-30.1811,-50.2056,74.66,93,11.63,100
168,La Ronge,CA,55.1001,-105.2842,19.4,86,4.61,29
169,Bulungu,CD,-4.55,18.6,69.91,92,2.44,100
170,San Quintín,MX,30.4833,-115.95,61.38,57,5.12,100
171,Qaanaaq,GL,77.484,-69.3632,-4.81,88,1.48,100
172,Coos Bay,US,43.3665,-124.2179,51.58,93,8.05,90
173,Klaeng,TH,12.7797,101.6483,76.96,99,2.44,10
174,Caravelas,BR,-17.7125,-39.2481,75.87,86,5.64,0
175,Puerto Nariño,CO,-3.7703,-70.3831,75.2,100,4.61,90
176,Bilma,NE,18.6853,12.9164,57.18,30,1.48,94
177,Sukhumi,GE,43.0033,41.0153,47.93,59,4.74,98
178,Teahupoo,PF,-17.8333,-149.2667,86.0,66,9.22,40
179,Port Hardy,CA,50.6996,-127.4199,43.5,93,2.3,75
180,Shiyan,CN,32.6475,110.7781,48.2,54,3.62,0
181,Margate,GB,51.3813,1.3862,40.14,90,3.0,100
182,Nelson Bay,AU,-32.7167,152.15,78.57,78,9.22,75
183,Siirt,TR,37.9326,41.9403,33.26,91,1.95,17
184,Palo Alto,US,37.4419,-122.143,59.65,67,10.36,75
185,Leshan,CN,29.5623,103.7639,48.81,75,1.01,0
186,Mataundh,IN,25.45,80.15,48.4,51,0.45,0
187,Vila Velha,BR,-20.3297,-40.2925,77.85,83,14.97,20
188,Dno,RU,57.8277,29.9637,23.23,96,9.57,100
189,Dombarovskiy,RU,50.7587,59.5386,9.21,92,4.52,7
190,Turan,VN,16.0678,108.2208,69.8,88,1.14,20
191,Roebourne,AU,-20.7833,117.1333,82.09,67,19.8,100
192,Port Alfred,ZA,-33.5906,26.891,69.01,89,8.99,82
193,Salamiyah,SY,35.0113,37.0532,44.53,94,7.72,7
194,Flin Flon,CA,54.7682,-101.865,15.8,86,3.44,90
195,Sobolevo,RU,54.4299,31.8996,17.91,97,10.07,100
196,Bako,ET,5.7833,36.5667,65.25,38,3.65,46
197,Nome,US,64.5011,-165.4064,3.2,55,9.22,90
198,Port Elizabeth,ZA,-33.918,25.5701,68.0,83,24.16,40
199,Sioux Lookout,CA,50.1001,-91.917,26.6,93,2.3,90
200,Grafton,US,42.207,-71.6856,17.83,58,2.77,1
201,Loa Janan,ID,-0.583,117.095,78.13,87,2.51,100
202,Mehamn,NO,71.0357,27.8492,23.77,93,10.42,95
203,Yellowknife,CA,62.456,-114.3525,-4.0,77,4.61,75
204,Araouane,ML,18.9048,-3.5265,66.52,21,9.78,60
205,Noyabrsk,RU,63.1994,75.4507,-3.78,93,8.97,100
206,Senador José Porfírio,BR,-2.5908,-51.9542,77.23,85,4.05,66
207,Mataura,NZ,-46.1927,168.8643,74.41,41,4.56,30
208,Sherlovaya Gora,RU,50.5667,116.25,-28.01,87,6.44,94
209,Vestmannaeyjar,IS,63.4427,-20.2734,32.9,87,16.51,98
210,Havre-St-Pierre,CA,50.2334,-63.5986,15.8,67,5.75,90
211,Iskateley,RU,67.6803,53.1512,11.05,95,12.17,100
212,Jadu,LY,31.953,12.0261,47.08,76,9.06,0
213,Dudinka,RU,69.4058,86.1778,-10.77,90,10.36,100
214,Thinadhoo,MV,0.5333,72.9333,81.7,80,11.59,1
215,Pitimbu,BR,-7.4706,-34.8086,78.8,83,8.05,20
216,Bétera,ES,39.5833,-0.45,64.6,51,13.8,0
217,Griffith,US,41.5284,-87.4237,31.1,100,13.8,90
218,Galle,LK,6.0367,80.217,75.07,88,2.91,6
219,Lusambo,CD,-4.9667,23.45,69.62,94,0.34,100
220,Lleida,ES,41.6167,0.6167,49.96,87,6.91,0
221,Sangar,RU,63.9242,127.4739,-49.5,76,2.8,87
222,Vanimo,PG,-2.6741,141.3028,77.56,88,7.52,100
223,La Unión,PE,-5.4,-80.75,80.76,50,17.78,76
224,Sitka,US,57.0531,-135.33,42.8,45,3.49,40
225,Lebu,CL,-37.6167,-73.65,56.89,88,13.33,10
226,Esperance,AU,-33.8667,121.9,66.2,68,13.8,75
227,Maravilha,BR,-26.7608,-53.1725,67.46,100,4.7,75
228,Kahului,US,20.8947,-156.47,75.15,50,18.41,1
229,Guozhen,CN,34.3659,107.359,41.72,50,2.26,0
230,Morozovsk,RU,48.3539,41.8261,31.64,94,1.83,100
231,Barguzin,RU,53.6167,109.6167,-22.5,77,3.04,90
232,Neiafu,TO,-18.65,-173.9833,82.4,78,17.27,75
233,Rawson,AR,-43.3002,-65.1023,69.3,49,26.55,13
234,Mumias,KE,0.3351,34.4864,62.49,43,7.9,34
235,Hokitika,NZ,-42.7167,170.9667,64.36,66,10.83,97
236,San Miguel,SV,13.4833,-88.1833,78.67,48,3.04,14
237,Edgewater,US,28.9889,-80.9023,71.73,60,9.22,40
238,Nemuro,JP,43.3236,145.575,12.2,79,5.75,20
239,Yangi Marg`ilon,UZ,40.4272,71.7189,33.8,55,4.61,94
240,Pandan,PH,14.0453,124.1694,77.7,82,15.21,65
241,Royan,FR,45.6285,-1.0281,53.13,94,18.41,90
242,Okha,RU,53.5739,142.9478,-15.52,81,21.03,0
243,Karabash,RU,55.4808,60.2157,18.9,93,8.28,0
244,Sisimiut,GL,66.9395,-53.6735,6.39,79,8.61,30
245,Angoche,MZ,-16.2325,39.9086,79.23,78,11.72,100
246,Ancud,CL,-41.8697,-73.8203,59.0,72,4.61,0
247,São João da Barra,BR,-21.6403,-41.0511,78.01,81,22.08,100
248,Dikson,RU,73.5069,80.5464,-25.38,79,7.92,99
249,Hobyo,SO,5.3505,48.5268,74.44,78,16.8,42
250,Quimper,FR,48.0,-4.1,51.8,93,13.8,90
251,Sur,OM,22.5667,59.5289,68.14,59,3.29,0
252,Bosconia,CO,9.9689,-73.8836,83.32,47,3.02,88
253,Nantucket,US,41.2835,-70.0995,27.72,74,5.75,90
254,Sennar,SD,13.5691,33.5672,69.53,23,11.05,0
255,Guerrero Negro,MX,27.9769,-114.0611,66.18,45,14.43,100
256,Paola,IT,39.3599,16.0396,40.3,100,9.22,90
257,Bystryy Istok,RU,52.371,84.3873,5.04,93,2.51,82
258,Kamenka,RU,51.3223,42.7678,27.0,77,7.36,100
259,Green River,US,41.5286,-109.4662,28.4,59,4.61,1
260,Kavieng,PG,-2.5744,150.7967,83.39,82,13.67,98
261,Rondonópolis,BR,-16.4708,-54.6356,74.08,88,1.66,100
262,Bull Savanna,JM,17.8868,-77.5902,72.7,85,11.5,68
263,Blagoyevo,RU,63.3667,47.9167,27.7,98,8.84,100
264,Zunyi,CN,27.6867,106.9072,44.31,77,1.59,97
265,Raja,SS,8.4596,25.678,65.98,26,2.91,10
266,Portland,US,45.5234,-122.6762,50.2,76,11.5,90
267,Dali,CN,25.7,100.1833,41.63,76,2.3,36
268,Jintūr,IN,19.6167,76.7,64.04,30,6.44,1
269,Loíza,PR,18.4313,-65.8802,73.78,88,6.91,20
270,Bathsheba,BB,13.2167,-59.5167,78.8,65,25.32,40
271,Jalu,LY,29.0331,21.5482,60.71,30,12.86,0
272,Lüderitz,NA,-26.6481,15.1594,65.53,78,19.82,0
273,Raudeberg,NO,61.9875,5.1352,28.99,94,2.24,29
274,Laas,IT,46.6166,10.7002,32.18,93,2.3,20
275,Kutum,SD,14.2,24.6667,55.4,33,3.62,0
276,Vuktyl,RU,63.8567,57.3094,25.99,97,16.22,100
277,Dhidhdhoo,MV,6.8833,73.1,82.0,69,6.35,91
278,Tharād,IN,24.3961,71.6267,54.03,40,3.44,0
279,Yenagoa,NG,4.9247,6.2642,78.04,87,4.0,0
280,Norman Wells,CA,65.282,-126.8329,-22.0,76,8.05,75
281,Sakakah,SA,29.9697,40.2064,51.8,37,3.44,0
282,Karasjok,NO,69.4719,25.5112,19.4,100,8.05,90
283,Saldanha,ZA,-33.0117,17.9442,64.13,79,21.23,31
284,Tonota,BW,-21.4833,27.4833,73.49,83,1.79,100
285,Yambio,SS,4.5721,28.3955,69.87,37,2.21,0
286,Launceston,AU,-41.45,147.1667,63.86,82,4.61,90
287,Honiara,SB,-9.4333,159.95,83.16,79,16.46,88
288,The Pas,CA,53.8251,-101.2541,15.8,86,2.3,90
289,Bartica,GY,6.4,-58.6167,75.2,94,4.61,20
290,Kaitangata,NZ,-46.2817,169.8464,65.23,59,9.46,22
291,Saint George,US,37.1041,-113.5841,55.4,38,3.56,1
292,Voyvozh,RU,62.892,54.9635,28.31,98,15.35,100
293,Dondo,MZ,-19.6094,34.7431,78.4,94,5.75,40
294,Paamiut,GL,61.994,-49.6678,21.83,89,14.14,0
295,Touba,CI,8.2833,-7.6833,73.58,20,3.02,0
296,Huntsville,US,34.7304,-86.5861,42.87,75,14.97,90
297,Vila Franca do Campo,PT,37.7167,-25.4333,61.43,94,18.41,75
298,Niamey,NE,13.5137,2.1098,73.4,15,4.61,95
299,Hastings,GB,50.8552,0.5729,38.43,91,1.99,100
300,Forsytheganj,BY,52.6333,29.7333,15.96,97,6.78,30
301,Provideniya,RU,64.3833,-173.3,5.0,85,29.08,90
302,Comodoro Rivadavia,AR,-45.8667,-67.5,69.8,52,12.66,20
303,Ondjiva,AO,-17.0667,15.7333,68.9,66,10.04,100
304,Hong Kong,HK,22.2855,114.1577,65.1,80,7.54,30
305,Rockhampton,AU,-23.3833,150.5,82.4,54,14.97,90
306,Cabo San Lucas,MX,22.8909,-109.9124,72.86,64,5.75,90
307,Changji,CN,44.0167,87.3167,3.2,85,4.47,75
308,Ginda,IN,30.6945,78.4932,41.31,46,7.18,0
309,Marsabit,KE,2.3284,37.9899,67.12,38,9.71,98
310,Quatre Cocos,MU,-20.2078,57.7625,79.75,74,13.8,40
311,Olafsvik,IS,64.8945,-23.7142,31.05,93,9.69,100
312,Isangel,VU,-19.55,169.2667,84.2,79,18.54,75
313,Talnakh,RU,69.4865,88.3972,-17.61,77,9.37,100
314,Marquette,US,46.5333,-87.6335,26.01,70,1.01,100
315,Half Moon Bay,US,37.4636,-122.4286,57.43,55,3.44,75
316,Krasnyy Bor,RU,59.6819,30.6681,24.57,93,8.95,75
317,Claresholm,CA,50.0333,-113.5852,41.83,49,4.61,100
318,Sheffield Lake,US,41.4875,-82.1015,31.41,86,12.66,90
319,Krasnosel'kup,RU,65.7,82.4667,-12.75,88,11.25,100
320,Healdsburg,US,38.6105,-122.8692,57.63,48,6.91,75
321,Huarmey,PE,-10.0681,-78.1522,71.17,78,9.73,81
322,Karratha,AU,-20.7377,116.8463,84.83,60,19.66,100
323,Kattivākkam,IN,13.2167,80.3167,71.6,94,6.15,40
324,Belaya Gora,RU,68.5333,146.4167,-29.31,85,2.39,100
325,Sayyan,YE,15.1718,44.3244,43.41,52,3.89,0
326,Beroroha,MG,-21.6667,45.1667,75.61,84,0.98,9
327,Samarai,PG,-10.6167,150.6667,85.62,68,8.21,54
328,Arraial do Cabo,BR,-22.9661,-42.0278,76.96,83,26.11,100
329,Srikakulam,IN,18.3,83.9,67.15,88,6.31,1
330,Saint Paul,US,44.9444,-93.0933,31.6,74,3.44,90
331,Alekseyevsk,RU,57.8406,108.3492,-38.2,78,4.36,100
332,Härnösand,SE,62.6323,17.9379,6.06,85,6.91,98
333,Dobroye,RU,52.8678,39.8109,25.0,74,10.25,65
334,Vila,PT,42.0304,-8.1588,51.01,93,14.0,100
335,Kutina,HR,45.475,16.7819,30.2,93,3.44,20
336,Malbork,PL,54.0359,19.0266,25.03,84,3.0,37
337,Brae,GB,60.3964,-1.353,32.0,80,10.36,75
338,Xucheng,CN,20.35,110.1288,66.2,100,6.71,75
339,Abengourou,CI,6.7297,-3.4964,73.71,92,2.86,0
340,Yerbogachën,RU,61.2767,108.0108,-35.68,81,5.64,87
341,Okhotsk,RU,59.3833,143.3,-12.77,78,17.18,0
342,Goito,IT,45.2549,10.6721,37.22,93,3.44,75
343,Pelym,RU,61.0108,61.9978,11.91,96,9.37,100
344,Agadez,NE,19.75,10.25,57.74,29,5.17,0
345,Yārāda,IN,17.65,83.2667,73.4,83,4.61,75
346,Tuatapere,NZ,-46.1333,167.6833,70.41,52,4.94,25
347,Severo-Kuril'sk,RU,50.6789,156.125,22.77,93,39.97,98
348,Hailey,US,43.5196,-114.3153,25.16,69,4.61,1
349,Bhatkal,IN,13.9667,74.5667,76.57,47,3.98,74
350,Mackay,AU,-21.15,149.2,82.63,78,18.41,75
351,Te Anau,NZ,-45.4167,167.7167,70.36,51,1.9,15
352,Paracuru,BR,-3.41,-39.0306,81.0,77,24.0,23
353,Srednekolymsk,RU,67.45,153.6833,-23.39,87,5.61,100
354,Ossora,RU,59.2353,163.0719,-2.18,91,21.83,100
355,Baghdad,IQ,33.3406,44.4009,50.0,62,6.91,0
356,Slonim,BY,53.0867,25.3219,12.81,96,8.41,1
357,Bubaque,GW,11.2833,-15.8333,78.26,70,7.9,46
358,Nakhon Nayok,TH,14.1667,101.1,77.43,48,1.34,0
359,Dunedin,NZ,-45.8742,170.5036,63.16,64,8.55,100
360,Mitsamiouli,KM,-11.3847,43.2844,82.51,72,6.69,74
361,Ambanja,MG,-13.6833,48.45,74.98,89,2.46,1
362,Barra do Garças,BR,-15.89,-52.2567,76.33,74,1.12,44
363,Tigil',RU,57.8,158.6667,-2.85,89,21.59,100
364,Kozhevnikovo,RU,56.2589,83.9714,-11.0,74,4.47,99
365,Alyangula,AU,-13.8483,136.4192,87.8,70,6.91,40
366,Mtwango,TZ,-9.0167,34.8,59.04,100,3.29,100
367,Bulgan,MN,48.8125,103.5347,-11.92,82,3.33,0
368,Almeirim,BR,-1.5233,-52.5817,77.68,84,5.95,6
369,Khawhai,IN,23.3667,93.1167,33.78,82,2.84,0
370,Mīnāb,IR,27.1467,57.0801,55.4,76,4.61,0
371,Havøysund,NO,70.9963,24.6622,26.6,86,10.36,75
372,Tinaquillo,VE,9.9186,-68.3047,73.45,80,5.26,99
373,Lampa,CL,-33.2833,-70.9,66.0,72,13.8,40
374,Sharjah city,AE,25.3573,55.4033,61.45,82,9.22,40
375,Abhā,SA,18.2164,42.5053,51.8,46,4.61,0
376,Havelock,US,34.8791,-76.9013,56.03,94,8.05,90
377,Qorveh,IR,35.1664,47.8045,27.79,91,3.2,0
378,Batagay,RU,67.6333,134.6333,-49.94,76,1.21,95
379,Kulhudhuffushi,MV,6.6221,73.07,82.06,71,8.59,100
380,Homer,US,59.6425,-151.5483,24.8,58,5.75,1
381,Acajutla,SV,13.5928,-89.8275,84.2,28,6.51,0
382,Mweka,CD,-4.85,21.5667,68.77,96,0.87,100
383,Sassandra,CI,4.95,-6.0833,77.4,92,7.29,50
384,Lokosovo,RU,61.1333,74.8167,-0.81,93,4.45,99
385,Naze,JP,28.3667,129.4833,68.0,52,12.66,40
386,Ayan,RU,56.45,138.1667,-21.17,73,13.18,100
387,Iporá,BR,-16.4419,-51.1178,71.76,85,1.81,97
388,Tomatlán,MX,19.9333,-105.25,71.92,75,3.71,0
389,Sibolga,ID,1.7427,98.7792,77.45,72,4.38,11
390,Kavaratti,IN,10.5669,72.642,80.94,74,11.59,1
391,Baruun-Urt,MN,46.6806,113.2792,-22.41,80,8.97,36
392,Onalaska,US,43.8844,-91.2351,29.57,80,6.91,90
393,Collipulli,CL,-37.95,-72.4333,56.21,81,4.45,76
394,Palmer,US,42.1584,-72.3287,15.44,73,4.61,75
395,Richards Bay,ZA,-28.783,32.0377,77.27,91,13.62,100
396,Ismailia,EG,30.6043,32.2723,56.8,48,2.86,0
397,Dalvik,IS,65.9702,-18.5286,-4.0,84,5.75,0
398,Katsuura,JP,35.1333,140.3,43.7,52,8.05,75
399,Sigli,ID,5.3848,95.9609,78.03,79,6.71,42
400,Auburn,US,47.3073,-122.2284,43.34,93,5.75,90
401,Ahipara,NZ,-35.1667,173.1667,71.46,54,7.18,0
402,Buritis,BR,-15.6178,-46.4233,74.97,63,2.57,46
403,Alice Springs,AU,-23.7,133.8833,92.26,25,13.8,0
404,Tiksi,RU,71.6872,128.8694,-27.31,86,6.04,100
405,Nishihara,JP,26.1842,127.7558,65.01,60,6.91,20
406,Whitehorse,CA,60.7161,-135.0538,-3.08,77,5.75,90
407,Nauta,PE,-4.5061,-73.5757,74.25,95,1.52,98
408,Matara,LK,5.9485,80.5353,74.05,88,5.06,52
409,Lerwick,GB,60.1545,-1.1494,32.0,69,14.97,75
410,Hamilton,US,39.1834,-84.5333,34.52,93,5.75,90
411,Porosozero,RU,62.7191,32.727,9.93,96,1.1,84
412,Balabac,PH,7.9868,117.0645,80.87,76,17.56,100
413,Belmonte,BR,-15.8631,-38.8828,78.8,73,12.66,20
414,Vila do Maio,CV,15.1333,-23.2167,69.8,78,17.27,0
415,Price,US,39.5994,-110.8107,32.0,51,3.44,1
416,Kingsport,US,36.5484,-82.5618,42.69,100,2.53,90
417,Vicuña,CL,-30.0319,-70.7081,64.4,94,5.75,90
418,Sabang,ID,5.8933,95.3214,80.69,80,19.62,45
419,Fortuna,US,40.5982,-124.1573,54.1,94,23.02,90
420,Gorontalo,ID,0.5412,123.0595,84.42,65,4.03,100
421,Kokkinochoma,GR,40.9333,24.3,57.99,88,11.99,100
422,Ketchikan,US,55.3422,-131.6461,35.6,93,3.71,90
423,Umarkot,PK,25.3616,69.7362,57.83,86,5.44,0
424,Gbadolite,CD,4.2833,21.0167,70.39,60,2.01,91
425,Big Rapids,US,43.6981,-85.4837,28.63,54,4.61,75
426,Chifeng,CN,42.2683,118.9636,0.41,83,11.68,0
427,Kampot,KH,10.6167,104.1833,72.64,94,2.3,40
428,Avera,US,33.194,-82.5271,45.01,95,4.61,90
429,Okahandja,NA,-21.9833,16.9167,68.0,40,7.11,100
430,Khandyga,RU,62.6667,135.6,-49.85,76,0.56,73
431,Altay,CN,47.8667,88.1167,15.8,64,1.99,0
432,Yaan,NG,7.3833,8.5667,76.48,43,8.55,0
433,Ixtapa,MX,20.7,-105.2,71.31,83,4.61,20
434,Kokkola,FI,63.8385,23.1307,20.66,93,4.61,20
435,Wuwei,CN,37.9281,102.6414,20.48,69,2.04,0
436,Leningradskiy,RU,69.3833,178.4167,-19.89,86,11.88,100
437,Hervey Bay,AU,-25.2986,152.8535,82.4,54,16.11,40
438,Micheweni,TZ,-4.9667,39.8333,79.14,78,10.25,100
439,Ingham,US,42.6,-84.3833,26.53,80,12.66,90
440,Perth,AU,-31.9333,115.8333,78.96,41,19.57,0
441,Lima,PE,-12.0432,-77.0282,71.31,73,14.97,0
442,Xai-Xai,MZ,-25.0519,33.6442,77.92,82,10.38,20
443,Churapcha,RU,62.0025,132.4325,-48.26,76,5.26,90
444,Kargil,IN,34.5667,76.1,-3.19,86,1.1,82
445,Beloha,MG,-25.1667,45.05,76.17,84,2.91,0
446,Port Hedland,AU,-20.3167,118.5667,77.0,100,24.16,90
447,Dayong,CN,25.0209,118.2898,59.0,88,2.24,100
448,Baykit,RU,61.67,96.37,-29.13,77,0.67,86
449,Yanam,IN,16.7333,82.2167,71.6,88,2.3,20
450,Banting,MY,2.8167,101.5,77.36,78,9.22,20
451,Corpus Christi,US,27.8006,-97.3964,67.6,32,11.5,20
452,San Pedro de los Naranjos,MX,20.25,-100.9833,75.2,25,6.91,1
453,Santa Barbara,US,34.7333,-120.0343,61.21,48,1.79,1
454,Padre Bernardo,BR,-15.35,-48.5,72.32,76,1.99,32
455,Chul'man,RU,56.8479,124.9104,-42.56,77,8.1,100
456,Yeysk,RU,46.6989,38.2792,38.95,92,10.6,100
457,Taviano,IT,39.9835,18.0868,52.56,87,8.05,0
458,Kéfalos,GR,36.7453,26.9589,59.0,77,23.02,40
459,Shimoda,JP,34.6667,138.95,45.1,66,13.8,75
460,Kościerzyna,PL,54.1223,17.9812,25.52,80,11.5,40
461,Lujiang,CN,31.2581,117.2817,45.95,93,6.71,100
462,Sebeta,ET,8.9167,38.6167,53.6,54,3.44,0
463,Rocha,UY,-34.4833,-54.3333,66.07,88,9.22,93
464,Bouna,CI,9.2667,-3.0,75.51,19,5.28,2
465,Port Lincoln,AU,-34.7333,135.8667,64.29,63,16.08,62
466,Vinh,VN,18.6667,105.6667,66.97,90,1.79,64
467,Puerto Quijarro,BO,-17.7833,-57.7667,79.29,69,3.98,6
468,Chilón,MX,17.2333,-92.4167,84.2,65,1.68,40
469,Bonthe,SL,7.5264,-12.505,77.38,87,6.46,0
470,Boa Vista,BR,2.8197,-60.6733,82.4,65,10.36,0
471,Kruisfontein,ZA,-34.0033,24.7314,64.99,89,8.01,100
472,Florianópolis,BR,-27.6146,-48.5012,76.15,88,1.14,40
473,Shīeli,KZ,44.1667,66.75,32.74,93,4.81,100
474,Kysyl-Syr,RU,63.8986,122.7617,-41.31,79,6.33,100
475,Adrar,MR,20.5022,-10.0711,65.12,25,7.63,49
476,La Crosse,US,43.8014,-91.2396,29.66,80,6.91,90
477,Lavrentiya,RU,65.5833,-171.0,-6.02,85,17.22,100
478,Puerto Ayacucho,VE,5.6639,-67.6236,79.39,76,3.78,89
479,Bereda,ES,43.2686,-7.5406,52.0,85,13.0,97
480,Kourou,GF,5.1552,-52.6478,80.6,78,9.22,75
481,Mo i Rana,NO,66.3128,14.1428,6.01,82,4.0,83
482,Esna,EG,25.2934,32.554,50.0,43,2.3,0
483,Mandalgovi,MN,45.7625,106.2708,-12.1,80,17.36,0
484,North Bend,US,43.4065,-124.2243,51.33,93,8.05,90
485,Bogorodskoye,RU,56.55,37.8833,21.87,97,13.71,100
486,Port Macquarie,AU,-31.4333,152.9167,82.6,51,1.99,6
487,Dawson Creek,CA,55.7666,-120.2362,10.4,79,2.3,75
488,Berlevåg,NO,70.8578,29.0864,23.58,93,8.28,96
489,Benghazi,LY,32.1167,20.0667,64.53,59,14.63,100
490,Tura,IN,25.5198,90.2201,52.27,56,2.59,0
491,Kopavogur,IS,64.1123,-21.913,29.07,64,11.5,0
492,Zabaykal'sk,RU,49.6333,117.3167,-21.28,84,12.5,97
493,Chitral,PK,35.8462,71.7858,31.14,75,5.41,26
494,Malanje,AO,-9.5402,16.341,64.18,99,4.9,100
495,Pindwāra,IN,24.8,73.0667,56.97,33,2.17,0
496,Were Īlu,ET,10.6,39.4333,45.73,57,7.09,0
497,Vitim,RU,59.4511,112.5578,-30.05,80,9.69,100
498,Calamar,CO,10.2511,-74.9146,80.6,78,9.22,0
499,Gambat,PK,27.3515,68.5205,57.24,36,6.64,0
500,Puerto Madero,MX,14.7208,-92.4215,78.8,89,8.5,20
501,Tangjiazhuang,CN,39.7333,118.45,27.46,66,19.08,0
502,Monclova,MX,26.9,-101.4167,69.37,19,9.06,1
503,Caraballeda,VE,10.6112,-66.8522,71.64,94,10.22,75
504,Palana,RU,59.1167,159.9667,-6.45,94,30.85,100
505,Warri,NG,5.5167,5.75,78.33,86,2.73,0
506,Diré,ML,12.2833,-10.9667,70.84,19,1.57,19
507,Busembatia,UG,0.7697,33.6131,66.65,63,4.88,77
508,Narsaq,GL,60.9167,-46.05,39.2,30,16.11,20
509,Padang,ID,-0.9492,100.3543,79.81,69,3.85,68
510,Longview,US,32.5007,-94.7405,49.66,53,13.8,1
511,Tāndā,IN,26.55,82.65,44.42,60,2.82,0
512,Grand Gaube,MU,-20.0064,57.6608,79.0,78,4.0,9
513,Challans,FR,46.8436,-1.8749,51.53,93,17.27,90
514,Sindor,RU,62.8629,51.8905,28.83,98,12.64,100
515,Byron Bay,AU,-28.65,153.6167,78.78,61,11.5,40
516,Kristinehamn,SE,59.3098,14.1081,11.14,92,3.94,0
517,Taoudenni,ML,22.6783,-3.9836,68.22,23,8.84,0
518,Gamboula,CF,4.1178,15.1393,67.6,80,2.08,100
519,Selishche,RU,56.8879,33.2691,21.49,96,11.79,100
520,Água Branca,BR,-5.8922,-42.6361,74.41,87,0.47,100
521,Dicabisagan,PH,17.0818,122.4157,72.61,81,6.69,100
522,Santa Cruz de la Sierra,BO,-17.8,-63.1667,78.8,83,9.22,75
523,San-Pédro,CI,4.7485,-6.6363,77.14,92,5.79,35
524,Devonport,AU,-41.1667,146.35,64.0,92,4.72,100
525,Farmington,US,36.7281,-108.2187,40.44,42,3.44,1
526,Kargasok,RU,59.0556,80.8572,-13.94,87,6.78,94
527,Beyneu,KZ,45.3167,55.2,35.19,91,4.76,0
528,La Santisima Trinidad,BO,-14.8333,-64.9,76.78,94,3.94,100
529,Khor,RU,47.8861,134.9464,-5.22,91,9.73,100
530,Road Town,VG,18.4167,-64.6167,77.0,78,11.5,40
531,Qaqortoq,GL,60.7167,-46.0333,39.2,30,16.11,20
532,Khorramshahr,IR,30.4397,48.1664,48.2,81,4.61,0
533,Naviraí,BR,-23.065,-54.1906,73.4,92,4.32,100
534,Saint-François,FR,46.4154,3.9054,49.53,87,8.05,75
535,Kuusamo,FI,65.9667,29.1833,8.6,85,5.75,75
536,Safaga,EG,26.7292,33.9365,60.8,41,8.05,0
537,Mocuba,MZ,-16.8392,36.9856,72.61,96,3.8,0
538,Cagli,IT,43.5457,12.6527,41.59,87,2.3,90
539,Biak,ID,-0.9131,122.8766,81.59,66,2.15,100
540,Lagoa,PT,39.05,-27.9833,61.47,88,18.1,100
541,Buchanan,LR,5.8808,-10.0467,77.0,94,5.03,20
542,Dingzhou,CN,38.5131,114.9956,19.4,86,2.24,0
543,Sakaiminato,JP,35.55,133.2333,49.66,61,14.97,75
544,Puerto Escondido,MX,15.85,-97.0667,82.4,74,0.83,20
545,San Jose,US,37.3394,-121.895,61.77,34,3.44,75
546,Moose Factory,CA,51.2585,-80.6094,-0.4,85,5.75,90
547,Broken Hill,AU,-31.95,141.4333,82.4,20,10.36,85
548,Lompoc,US,34.6391,-120.4579,55.94,72,4.61,1
549,Oranjemund,NA,-28.55,16.4333,65.48,89,7.94,61
550,Springfield,US,37.2153,-93.2982,32.31,80,16.11,90
551,Aksarka,RU,66.5606,67.7975,-14.69,89,7.9,100
552,Acapulco de Juárez,MX,16.8634,-99.8901,82.4,69,4.61,20
553,Quryq,KZ,43.2,51.65,39.96,90,5.12,1
554,Arman',RU,59.7,150.1667,-13.79,82,14.67,82
555,Orël-Izumrud,RU,43.4583,39.9244,42.46,81,13.42,100
556,Wakkanai,JP,45.4094,141.6739,23.0,86,5.75,75
557,Harper,LR,4.375,-7.7169,78.37,88,6.89,23
558,Daliao,PH,5.8611,124.9533,75.2,94,6.91,90
559,Soyo,AO,-6.1349,12.3689,79.7,84,7.29,100
560,Nipawin,CA,53.3668,-104.0009,15.8,92,4.61,90
561,Zhigansk,RU,66.7697,123.3711,-44.81,76,3.78,49
562,Kempsey,AU,-31.0833,152.8333,80.01,69,3.0,15
563,Shuiji,CN,27.4214,118.345,61.54,66,1.43,36
564,Nouadhibou,MR,20.931,-17.0347,66.2,77,23.02,0
565,Mumbwa,ZM,-14.9783,27.0619,63.45,94,0.47,100
566,Oodweyne,SO,9.4092,45.064,63.61,32,9.01,0
567,Uusikaupunki,FI,60.8004,21.4084,12.2,92,3.44,75
568,Plácido de Castro,BR,-10.3353,-67.1856,74.59,96,2.35,4
569,Johnstown,US,40.3267,-78.922,23.58,80,10.36,90
570,Roald,NO,62.5833,6.1333,26.74,86,6.91,20
571,Hīt,IQ,33.6416,42.8251,52.32,48,6.64,0
572,San Luis,AR,-33.295,-66.3356,56.7,84,12.28,54
573,Koppies,ZA,-27.2418,27.5742,63.07,91,3.98,100
574,Agios Nikolaos,GR,38.4167,23.65,58.42,67,5.75,20
575,Muzaffarabad,PK,34.37,73.4711,46.53,54,5.84,4
576,Kisangani,CD,0.5167,25.2,70.74,77,1.79,100
577,Champerico,GT,14.3,-91.9167,76.98,66,6.91,20
578,Kings Point,US,26.4454,-80.1398,72.52,68,10.36,40
579,Newport,GB,51.5877,-2.9984,34.95,97,1.01,100
580,North Platte,US,41.1239,-100.7654,32.92,80,3.58,1
581,Japura,ID,-0.3167,102.35,76.55,87,2.66,100
582,Bitkine,TD,11.9801,18.2138,69.75,23,5.79,0
583,Zinder,NE,13.8072,8.9881,66.27,23,10.31,16
584,Verāval,IN,20.9,70.3667,67.96,39,9.42,0
585,Ulaangom,MN,49.9811,92.0667,-10.82,88,2.35,74
586,Brufut,GM,13.3814,-16.7518,75.2,41,6.91,0
587,Ukiah,US,39.1502,-123.2078,53.6,62,6.91,90
588,Shizunai-furukawachō,JP,42.3339,142.3669,29.71,90,7.36,20
589,Flinders,AU,-34.5833,150.8552,78.31,72,4.0,67
590,Hammerfest,NO,70.6634,23.6821,26.6,86,11.5,75
591,Viedma,AR,-40.8135,-62.9967,63.0,64,1.99,0
